{"cameraMode":{"drawMode":0,"name":"Shaded","section":"Shading Mode"},"sceneLighting":true,"audioPlay":false,"sceneViewState":{"showFog":true,"showMaterialUpdate":false,"showSkybox":true,"showFlares":true,"showImageEffects":true,"showParticleSystems":true,"showVisualEffectGraphs":true,"m_FxEnabled":true},"in2DMode":false,"pivot":{"x":-4.995179176330566,"y":-0.9010682106018066,"z":4.302651882171631},"rotation":{"x":-0.009295034222304821,"y":0.05606638267636299,"z":-0.0005201483145356178,"w":-0.9983888268470764},"size":14.45734977722168,"orthographic":false}