{"cameraMode":{"drawMode":0,"name":"Shaded","section":"Shading Mode"},"sceneLighting":true,"audioPlay":false,"sceneViewState":{"showFog":true,"showMaterialUpdate":false,"showSkybox":true,"showFlares":true,"showImageEffects":true,"showParticleSystems":true,"showVisualEffectGraphs":true,"m_FxEnabled":true},"in2DMode":false,"pivot":{"x":-1.3056881427764893,"y":-0.27120161056518557,"z":2.4397647380828859},"rotation":{"x":-0.13294760882854463,"y":-0.08256123214960098,"z":0.011118202470242978,"w":-0.9876258373260498},"size":5.692289352416992,"orthographic":false}